Date,Time From Epoch(S),Distance(CM),Deltatime(S)
Wed Jan  6 11:31:18 2021,1609961478.266691,1205.418,0.07028675079345703
Wed Jan  6 11:31:19 2021,1609961479.3406994,1205.091,0.0702676773071289
Wed Jan  6 11:31:20 2021,1609961480.4147098,1205.091,0.0702676773071289
Wed Jan  6 11:31:21 2021,1609961481.4888375,1205.614,0.0702981948852539
Wed Jan  6 11:31:22 2021,1609961482.562898,1205.508,0.07029199600219727
Wed Jan  6 11:31:23 2021,1609961483.6369376,1205.45,0.07028865814208984
Wed Jan  6 11:31:24 2021,1609961484.7111154,1205.332,0.0702817440032959
Wed Jan  6 11:31:25 2021,1609961485.720121,88.201,0.005142927169799805
Wed Jan  6 11:31:26 2021,1609961486.7942295,1205.299,0.07027983665466309
Wed Jan  6 11:31:27 2021,1609961487.8683376,1205.401,0.07028579711914062
Wed Jan  6 11:31:28 2021,1609961488.9424386,1205.43,0.07028746604919434
Wed Jan  6 11:31:30 2021,1609961490.0164478,1205.467,0.07028961181640625
Wed Jan  6 11:31:31 2021,1609961491.0905907,1205.352,0.0702829360961914
Wed Jan  6 11:31:32 2021,1609961492.1647792,1205.463,0.07028937339782715
Wed Jan  6 11:31:33 2021,1609961493.2388175,1205.446,0.07028841972351074
Wed Jan  6 11:31:34 2021,1609961494.3128238,1204.825,0.0702521800994873
Wed Jan  6 11:31:35 2021,1609961495.3881245,1205.459,0.07028913497924805
Wed Jan  6 11:31:36 2021,1609961496.3999257,90.552,0.005280017852783203
Wed Jan  6 11:31:37 2021,1609961497.4742672,1205.336,0.070281982421875
Wed Jan  6 11:31:38 2021,1609961498.4836173,90.454,0.005274295806884766
Wed Jan  6 11:31:39 2021,1609961499.4928267,88.447,0.0051572322845458984
Wed Jan  6 11:31:40 2021,1609961500.5019925,88.43,0.005156278610229492
Wed Jan  6 11:31:41 2021,1609961501.5113733,90.499,0.005276918411254883
Wed Jan  6 11:31:42 2021,1609961502.5207107,90.957,0.005303621292114258
Wed Jan  6 11:31:43 2021,1609961503.5300865,90.54,0.0052793025970458984
Wed Jan  6 11:31:44 2021,1609961504.539205,87.183,0.005083560943603516
Wed Jan  6 11:31:45 2021,1609961505.5484183,88.876,0.0051822662353515625
Wed Jan  6 11:31:46 2021,1609961506.622743,1205.549,0.07029438018798828
Wed Jan  6 11:31:47 2021,1609961507.6970425,1205.385,0.07028484344482422
Wed Jan  6 11:31:48 2021,1609961508.7712803,1205.434,0.07028770446777344
Wed Jan  6 11:31:49 2021,1609961509.8454773,1205.553,0.07029461860656738
Wed Jan  6 11:31:50 2021,1609961510.9198694,1205.504,0.07029175758361816
Wed Jan  6 11:31:51 2021,1609961511.994183,1205.352,0.0702829360961914
Wed Jan  6 11:31:53 2021,1609961513.068494,1205.516,0.07029247283935547
Wed Jan  6 11:31:54 2021,1609961514.1427925,1205.491,0.07029104232788086
Wed Jan  6 11:31:55 2021,1609961515.2168565,1205.606,0.0702977180480957
Wed Jan  6 11:31:56 2021,1609961516.2911854,1205.471,0.07028985023498535
Wed Jan  6 11:31:57 2021,1609961517.3654773,1205.279,0.07027864456176758
Wed Jan  6 11:31:58 2021,1609961518.4396086,1205.266,0.07027792930603027
Wed Jan  6 11:31:59 2021,1609961519.513661,1205.316,0.07028079032897949
Wed Jan  6 11:32:00 2021,1609961520.522979,90.503,0.005277156829833984
Wed Jan  6 11:32:01 2021,1609961521.5973215,1205.25,0.07027697563171387
Wed Jan  6 11:32:02 2021,1609961522.6512635,855.299,0.04987168312072754
Wed Jan  6 11:32:03 2021,1609961523.7255404,1205.479,0.07029032707214355
Wed Jan  6 11:32:04 2021,1609961524.7347674,90.049,0.005250692367553711
Wed Jan  6 11:32:05 2021,1609961525.8089926,1205.483,0.07029056549072266
Wed Jan  6 11:32:06 2021,1609961526.8180556,87.96,0.0051288604736328125
Wed Jan  6 11:32:07 2021,1609961527.8272982,88.393,0.005154132843017578
Wed Jan  6 11:32:08 2021,1609961528.901657,1205.34,0.0702822208404541
Wed Jan  6 11:32:09 2021,1609961529.9119089,93.108,0.00542902946472168
Wed Jan  6 11:32:10 2021,1609961530.9862165,1205.377,0.07028436660766602
Wed Jan  6 11:32:11 2021,1609961531.9960148,90.082,0.0052525997161865234
Wed Jan  6 11:32:13 2021,1609961533.070345,1205.385,0.07028484344482422
Wed Jan  6 11:32:14 2021,1609961534.1452165,1205.213,0.07027482986450195
Wed Jan  6 11:32:15 2021,1609961535.2197025,1205.119,0.07026934623718262
Wed Jan  6 11:32:16 2021,1609961536.2948308,1205.348,0.0702826976776123
Wed Jan  6 11:32:17 2021,1609961537.3048701,88.753,0.005175113677978516
Wed Jan  6 11:32:18 2021,1609961538.3790686,1205.119,0.07026934623718262
Wed Jan  6 11:32:19 2021,1609961539.4533591,1205.127,0.07026982307434082
Wed Jan  6 11:32:20 2021,1609961540.528105,1205.185,0.07027316093444824
Wed Jan  6 11:32:21 2021,1609961541.6087055,1205.025,0.07026386260986328
Wed Jan  6 11:32:22 2021,1609961542.6839557,1205.279,0.07027864456176758
Wed Jan  6 11:32:23 2021,1609961543.7588472,1205.119,0.07026934623718262
Wed Jan  6 11:32:24 2021,1609961544.8333893,1205.177,0.07027268409729004
Wed Jan  6 11:32:25 2021,1609961545.9092948,1205.144,0.07027077674865723
Wed Jan  6 11:32:26 2021,1609961546.9863822,1205.299,0.07027983665466309
Wed Jan  6 11:32:28 2021,1609961548.0607617,1205.275,0.07027840614318848
Wed Jan  6 11:32:29 2021,1609961549.135165,1205.279,0.07027864456176758
Wed Jan  6 11:32:30 2021,1609961550.209536,1205.217,0.07027506828308105
Wed Jan  6 11:32:31 2021,1609961551.2656684,890.227,0.051908254623413086
Wed Jan  6 11:32:32 2021,1609961552.3400648,1205.132,0.07027006149291992
Wed Jan  6 11:32:33 2021,1609961553.414853,1205.205,0.07027435302734375
Wed Jan  6 11:32:34 2021,1609961554.4895399,1205.082,0.0702672004699707
Wed Jan  6 11:32:35 2021,1609961555.5638862,1205.119,0.07026934623718262
Wed Jan  6 11:32:36 2021,1609961556.638911,1205.197,0.07027387619018555
Wed Jan  6 11:32:37 2021,1609961557.650815,90.855,0.005297660827636719
Wed Jan  6 11:32:38 2021,1609961558.7253406,1205.103,0.07026839256286621
Wed Jan  6 11:32:39 2021,1609961559.7345607,88.295,0.005148410797119141
Wed Jan  6 11:32:40 2021,1609961560.8089767,1205.172,0.07027244567871094
Wed Jan  6 11:32:41 2021,1609961561.88329,1205.181,0.07027292251586914
Wed Jan  6 11:32:42 2021,1609961562.8930237,97.262,0.005671262741088867
Wed Jan  6 11:32:43 2021,1609961563.9673705,1204.686,0.07024407386779785
Wed Jan  6 11:32:45 2021,1609961565.0416899,1205.099,0.07026815414428711
Wed Jan  6 11:32:46 2021,1609961566.1160076,1205.033,0.07026433944702148
Wed Jan  6 11:32:47 2021,1609961567.12528,89.518,0.005219697952270508
Wed Jan  6 11:32:48 2021,1609961568.1995952,1205.177,0.07027268409729004
Wed Jan  6 11:32:49 2021,1609961569.2739205,1205.144,0.07027077674865723
Wed Jan  6 11:32:50 2021,1609961570.3482568,1205.066,0.0702662467956543
Wed Jan  6 11:32:51 2021,1609961571.4225714,1204.997,0.07026219367980957
Wed Jan  6 11:32:52 2021,1609961572.4968922,1204.952,0.07025957107543945
Wed Jan  6 11:32:53 2021,1609961573.5712042,1205.074,0.0702667236328125
Wed Jan  6 11:32:54 2021,1609961574.6454716,1205.029,0.07026410102844238
Wed Jan  6 11:32:55 2021,1609961575.719529,1204.98,0.07026124000549316
Wed Jan  6 11:32:56 2021,1609961576.7938435,1205.029,0.07026410102844238
Wed Jan  6 11:32:57 2021,1609961577.8674736,1205.835,0.07031106948852539
Wed Jan  6 11:32:58 2021,1609961578.9417534,1205.082,0.0702672004699707
Wed Jan  6 11:32:59 2021,1609961579.9506955,87.678,0.005112409591674805
Wed Jan  6 11:33:01 2021,1609961581.025045,1205.111,0.07026886940002441
Wed Jan  6 11:33:02 2021,1609961582.0996425,1205.074,0.0702667236328125
Wed Jan  6 11:33:03 2021,1609961583.1744373,1204.849,0.07025361061096191
Wed Jan  6 11:33:04 2021,1609961584.2488785,1205.172,0.07027244567871094
Wed Jan  6 11:33:05 2021,1609961585.2587082,88.107,0.005137443542480469
Wed Jan  6 11:33:06 2021,1609961586.3331592,1205.123,0.07026958465576172
Wed Jan  6 11:33:07 2021,1609961587.4075067,1205.054,0.07026553153991699
Wed Jan  6 11:33:08 2021,1609961588.4818692,1205.033,0.07026433944702148
Wed Jan  6 11:33:09 2021,1609961589.5562234,1205.087,0.0702674388885498
Wed Jan  6 11:33:10 2021,1609961590.6314564,1204.968,0.07026052474975586
Wed Jan  6 11:33:11 2021,1609961591.6415179,88.708,0.0051724910736083984
Wed Jan  6 11:33:12 2021,1609961592.7167056,1205.066,0.0702662467956543
Wed Jan  6 11:33:13 2021,1609961593.7629578,706.288,0.0411829948425293
Wed Jan  6 11:33:14 2021,1609961594.843452,1205.042,0.07026481628417969
Wed Jan  6 11:33:15 2021,1609961595.9186196,1204.898,0.07025647163391113
Wed Jan  6 11:33:16 2021,1609961596.9933698,1204.923,0.07025790214538574
Wed Jan  6 11:33:18 2021,1609961598.0672894,1204.154,0.07021307945251465
Wed Jan  6 11:33:19 2021,1609961599.1417966,1201.84,0.07007813453674316
Wed Jan  6 11:33:20 2021,1609961600.154139,121.767,0.007100105285644531
Wed Jan  6 11:33:21 2021,1609961601.1631846,90.405,0.005271434783935547
Wed Jan  6 11:33:22 2021,1609961602.2378006,1204.927,0.07025814056396484
Wed Jan  6 11:33:23 2021,1609961603.3157225,1204.87,0.07025480270385742
Wed Jan  6 11:33:24 2021,1609961604.3934727,1204.858,0.07025408744812012
Wed Jan  6 11:33:25 2021,1609961605.468154,1205.033,0.07026433944702148
Wed Jan  6 11:33:26 2021,1609961606.5430813,1204.948,0.07025933265686035
Wed Jan  6 11:33:27 2021,1609961607.6171088,1205.07,0.0702664852142334
Wed Jan  6 11:33:28 2021,1609961608.6263268,89.105,0.00519561767578125
Wed Jan  6 11:33:29 2021,1609961609.700608,1205.07,0.0702664852142334
Wed Jan  6 11:33:30 2021,1609961610.7748857,1204.919,0.07025766372680664
Wed Jan  6 11:33:31 2021,1609961611.8490946,1204.768,0.07024884223937988
Wed Jan  6 11:33:32 2021,1609961612.9234452,1204.903,0.07025671005249023
Wed Jan  6 11:33:33 2021,1609961613.9977298,1204.988,0.07026171684265137
Wed Jan  6 11:33:35 2021,1609961615.0720136,1204.772,0.07024908065795898
Wed Jan  6 11:33:36 2021,1609961616.1461613,1204.956,0.07025980949401855
Wed Jan  6 11:33:37 2021,1609961617.2205186,1205.062,0.0702660083770752
Wed Jan  6 11:33:38 2021,1609961618.2948065,1204.89,0.07025599479675293
Wed Jan  6 11:33:39 2021,1609961619.3690128,1204.907,0.07025694847106934
Wed Jan  6 11:33:40 2021,1609961620.4431107,1204.943,0.07025909423828125
Wed Jan  6 11:33:41 2021,1609961621.5171058,1204.559,0.0702366828918457
Wed Jan  6 11:33:42 2021,1609961622.591397,1205.111,0.07026886940002441
Wed Jan  6 11:33:43 2021,1609961623.6655786,1204.792,0.07025027275085449
Wed Jan  6 11:33:44 2021,1609961624.7395594,1204.829,0.0702524185180664
Wed Jan  6 11:33:45 2021,1609961625.8135803,1204.964,0.07026028633117676
Wed Jan  6 11:33:46 2021,1609961626.8878777,1204.829,0.0702524185180664
Wed Jan  6 11:33:47 2021,1609961627.962197,1205.029,0.07026410102844238
Wed Jan  6 11:33:49 2021,1609961629.0365176,1205.087,0.0702674388885498
Wed Jan  6 11:33:50 2021,1609961630.110787,1204.886,0.07025575637817383
Wed Jan  6 11:33:51 2021,1609961631.1848044,1204.858,0.07025408744812012
Wed Jan  6 11:33:52 2021,1609961632.2589304,1204.882,0.07025551795959473
Wed Jan  6 11:33:53 2021,1609961633.333015,1204.854,0.07025384902954102
Wed Jan  6 11:33:54 2021,1609961634.4070623,1204.907,0.07025694847106934
Wed Jan  6 11:33:55 2021,1609961635.4813945,1204.882,0.07025551795959473
Wed Jan  6 11:33:56 2021,1609961636.5555794,1205.001,0.07026243209838867
Wed Jan  6 11:33:57 2021,1609961637.6297581,1204.911,0.07025718688964844
Wed Jan  6 11:33:58 2021,1609961638.7040505,1205.144,0.07027077674865723
Wed Jan  6 11:33:59 2021,1609961639.7783258,1204.931,0.07025837898254395
Wed Jan  6 11:34:00 2021,1609961640.8524604,1204.89,0.07025599479675293
Wed Jan  6 11:34:01 2021,1609961641.8614836,90.004,0.005248069763183594
Wed Jan  6 11:34:02 2021,1609961642.9358106,1204.898,0.07025647163391113
Wed Jan  6 11:34:04 2021,1609961644.0101056,1204.845,0.07025337219238281
Wed Jan  6 11:34:05 2021,1609961645.0843847,1204.911,0.07025718688964844
Wed Jan  6 11:34:06 2021,1609961646.1586084,1204.796,0.0702505111694336
Wed Jan  6 11:34:07 2021,1609961647.2326896,1204.837,0.07025289535522461
Wed Jan  6 11:34:08 2021,1609961648.306726,1204.24,0.07021808624267578
Wed Jan  6 11:34:09 2021,1609961649.381026,1204.837,0.07025289535522461
Wed Jan  6 11:34:10 2021,1609961650.455197,1204.915,0.07025742530822754
Wed Jan  6 11:34:11 2021,1609961651.4643054,89.968,0.00524592399597168
Wed Jan  6 11:34:12 2021,1609961652.5386162,1204.747,0.07024765014648438
Wed Jan  6 11:34:13 2021,1609961653.612632,1204.629,0.07024073600769043
Wed Jan  6 11:34:14 2021,1609961654.686929,1204.927,0.07025814056396484
Wed Jan  6 11:34:15 2021,1609961655.7705493,1204.89,0.07025599479675293
Wed Jan  6 11:34:16 2021,1609961656.7796204,89.072,0.0051937103271484375
Wed Jan  6 11:34:17 2021,1609961657.853888,1204.764,0.07024860382080078
Wed Jan  6 11:34:18 2021,1609961658.9279854,1204.8,0.0702507495880127
Wed Jan  6 11:34:20 2021,1609961660.002143,1204.69,0.07024431228637695
Wed Jan  6 11:34:21 2021,1609961661.076431,1204.702,0.07024502754211426
Wed Jan  6 11:34:22 2021,1609961662.1506171,1204.804,0.0702509880065918
Wed Jan  6 11:34:23 2021,1609961663.2248745,1204.759,0.07024836540222168
Wed Jan  6 11:34:24 2021,1609961664.2991314,1204.968,0.07026052474975586
Wed Jan  6 11:34:25 2021,1609961665.3082402,87.698,0.0051136016845703125
Wed Jan  6 11:34:26 2021,1609961666.3825002,1204.96,0.07026004791259766
Wed Jan  6 11:34:27 2021,1609961667.4566677,1204.751,0.07024788856506348
Wed Jan  6 11:34:28 2021,1609961668.5307684,1204.854,0.07025384902954102
Wed Jan  6 11:34:29 2021,1609961669.5401542,92.486,0.005392789840698242
Wed Jan  6 11:34:30 2021,1609961670.6143985,1204.878,0.07025527954101562
Wed Jan  6 11:34:31 2021,1609961671.6886396,1204.494,0.07023286819458008
Wed Jan  6 11:34:32 2021,1609961672.7627287,1204.8,0.0702507495880127
Wed Jan  6 11:34:33 2021,1609961673.837028,1204.829,0.0702524185180664
Wed Jan  6 11:34:34 2021,1609961674.846259,89.023,0.005190849304199219
Wed Jan  6 11:34:35 2021,1609961675.9205353,1204.792,0.07025027275085449
Wed Jan  6 11:34:36 2021,1609961676.9947793,1204.62,0.07024025917053223
Wed Jan  6 11:34:38 2021,1609961678.0038803,88.663,0.005169868469238281
Wed Jan  6 11:34:39 2021,1609961679.0130594,88.561,0.005163908004760742
Wed Jan  6 11:34:40 2021,1609961680.0873668,1204.735,0.07024693489074707
Wed Jan  6 11:34:41 2021,1609961681.1615956,1204.755,0.07024812698364258
Wed Jan  6 11:34:42 2021,1609961682.2356384,1204.522,0.07023453712463379
Wed Jan  6 11:34:43 2021,1609961683.3096023,1204.633,0.07024097442626953
Wed Jan  6 11:34:44 2021,1609961684.318703,88.173,0.005141258239746094
Wed Jan  6 11:34:45 2021,1609961685.3929687,1204.657,0.07024240493774414
Wed Jan  6 11:34:46 2021,1609961686.4670627,1203.827,0.07019400596618652
Wed Jan  6 11:34:47 2021,1609961687.5411022,1204.702,0.07024502754211426
Wed Jan  6 11:34:48 2021,1609961688.6150656,1204.514,0.07023406028747559
Wed Jan  6 11:34:49 2021,1609961689.6893244,1204.727,0.07024645805358887
Wed Jan  6 11:34:50 2021,1609961690.7634542,1204.502,0.07023334503173828
Wed Jan  6 11:34:51 2021,1609961691.837588,1204.71,0.07024550437927246
Wed Jan  6 11:34:52 2021,1609961692.9118235,1204.457,0.07023072242736816
Wed Jan  6 11:34:53 2021,1609961693.9860609,1204.432,0.07022929191589355
Wed Jan  6 11:34:55 2021,1609961695.060315,1204.784,0.07024979591369629
Wed Jan  6 11:34:56 2021,1609961696.1345305,1204.665,0.07024288177490234
Wed Jan  6 11:34:57 2021,1609961697.2089827,1204.518,0.07023429870605469
Wed Jan  6 11:34:58 2021,1609961698.2832162,1204.682,0.07024383544921875
Wed Jan  6 11:34:59 2021,1609961699.3573346,1204.6,0.07023906707763672
Wed Jan  6 11:35:00 2021,1609961700.4314134,1204.616,0.07024002075195312
Wed Jan  6 11:35:01 2021,1609961701.5056689,1204.698,0.07024478912353516
Wed Jan  6 11:35:02 2021,1609961702.5798593,1204.543,0.0702357292175293
Wed Jan  6 11:35:03 2021,1609961703.6539838,1204.633,0.07024097442626953
Wed Jan  6 11:35:04 2021,1609961704.6633227,91.55,0.005338191986083984
Wed Jan  6 11:35:05 2021,1609961705.7375581,1204.698,0.07024478912353516
Wed Jan  6 11:35:06 2021,1609961706.811807,1204.453,0.07023048400878906
Wed Jan  6 11:35:07 2021,1609961707.8860254,1204.547,0.0702359676361084
Wed Jan  6 11:35:08 2021,1609961708.9601924,1204.6,0.07023906707763672
Wed Jan  6 11:35:10 2021,1609961710.0343187,1204.543,0.0702357292175293
Wed Jan  6 11:35:11 2021,1609961711.1088014,1204.67,0.07024312019348145
Wed Jan  6 11:35:12 2021,1609961712.1830108,1204.653,0.07024216651916504
Wed Jan  6 11:35:13 2021,1609961713.257116,1204.649,0.07024192810058594
Wed Jan  6 11:35:14 2021,1609961714.3311372,1204.424,0.07022881507873535
Wed Jan  6 11:35:15 2021,1609961715.4051034,1204.641,0.07024145126342773
Wed Jan  6 11:35:16 2021,1609961716.4790688,1204.6,0.07023906707763672
Wed Jan  6 11:35:17 2021,1609961717.5531921,1204.526,0.07023477554321289
Wed Jan  6 11:35:18 2021,1609961718.5623128,90.716,0.005289554595947266
Wed Jan  6 11:35:19 2021,1609961719.636576,1204.555,0.0702364444732666
Wed Jan  6 11:35:20 2021,1609961720.7108119,1204.678,0.07024359703063965
Wed Jan  6 11:35:21 2021,1609961721.7850363,1204.404,0.07022762298583984
Wed Jan  6 11:35:22 2021,1609961722.8591852,1204.526,0.07023477554321289
Wed Jan  6 11:35:23 2021,1609961723.9332592,1204.604,0.07023930549621582
Wed Jan  6 11:35:25 2021,1609961725.0074975,1204.567,0.0702371597290039
Wed Jan  6 11:35:26 2021,1609961726.0816905,1204.465,0.07023119926452637
Wed Jan  6 11:35:27 2021,1609961727.1557784,1204.535,0.0702352523803711
Wed Jan  6 11:35:28 2021,1609961728.2298536,1204.404,0.07022762298583984
Wed Jan  6 11:35:29 2021,1609961729.3040962,1204.567,0.0702371597290039
Wed Jan  6 11:35:30 2021,1609961730.3782942,1204.42,0.07022857666015625
Wed Jan  6 11:35:31 2021,1609961731.4523234,1204.473,0.07023167610168457
Wed Jan  6 11:35:32 2021,1609961732.5264,1204.342,0.07022404670715332
Wed Jan  6 11:35:33 2021,1609961733.600617,1204.265,0.07021951675415039
Wed Jan  6 11:35:34 2021,1609961734.6310701,453.162,0.02642345428466797
Wed Jan  6 11:35:35 2021,1609961735.705293,1204.183,0.07021474838256836
Wed Jan  6 11:35:36 2021,1609961736.714438,87.764,0.0051174163818359375
Wed Jan  6 11:35:37 2021,1609961737.7888927,1204.42,0.07022857666015625
Wed Jan  6 11:35:38 2021,1609961738.8632505,1204.248,0.07021856307983398
Wed Jan  6 11:35:39 2021,1609961739.9375226,1204.355,0.07022476196289062
Wed Jan  6 11:35:41 2021,1609961741.0116823,1204.4,0.07022738456726074
Wed Jan  6 11:35:42 2021,1609961742.086455,1204.351,0.07022452354431152
Wed Jan  6 11:35:43 2021,1609961743.1607234,1204.216,0.07021665573120117
Wed Jan  6 11:35:44 2021,1609961744.23497,1204.277,0.0702202320098877
Wed Jan  6 11:35:45 2021,1609961745.24427,89.89,0.00524139404296875
Wed Jan  6 11:35:46 2021,1609961746.3188093,1204.502,0.07023334503173828
Wed Jan  6 11:35:47 2021,1609961747.3936234,1204.404,0.07022762298583984
Wed Jan  6 11:35:48 2021,1609961748.468349,1204.506,0.07023358345031738
Wed Jan  6 11:35:49 2021,1609961749.542601,1204.453,0.07023048400878906
Wed Jan  6 11:35:50 2021,1609961750.6169662,1204.375,0.07022595405578613
Wed Jan  6 11:35:51 2021,1609961751.6930063,1204.535,0.0702352523803711
Wed Jan  6 11:35:52 2021,1609961752.768599,1204.477,0.07023191452026367
Wed Jan  6 11:35:53 2021,1609961753.8429008,1204.481,0.07023215293884277
Wed Jan  6 11:35:54 2021,1609961754.8788483,545.89,0.0318303108215332
Wed Jan  6 11:35:55 2021,1609961755.8894713,112.489,0.006559133529663086
Wed Jan  6 11:35:56 2021,1609961756.9642332,1204.592,0.07023859024047852
Wed Jan  6 11:35:58 2021,1609961758.0389154,1203.905,0.07019853591918945
Wed Jan  6 11:35:59 2021,1609961759.113105,1204.391,0.07022690773010254
Wed Jan  6 11:36:00 2021,1609961760.1873333,1204.346,0.07022428512573242
Wed Jan  6 11:36:01 2021,1609961761.261599,1204.391,0.07022690773010254
Wed Jan  6 11:36:02 2021,1609961762.2744787,150.205,0.008758306503295898
Wed Jan  6 11:36:03 2021,1609961763.348979,1200.495,0.06999969482421875
Wed Jan  6 11:36:04 2021,1609961764.4240324,1204.338,0.07022380828857422
Wed Jan  6 11:36:05 2021,1609961765.4912362,1097.733,0.06400775909423828
Wed Jan  6 11:36:06 2021,1609961766.5656164,1204.346,0.07022428512573242
Wed Jan  6 11:36:07 2021,1609961767.6400232,1204.363,0.07022523880004883
Wed Jan  6 11:36:08 2021,1609961768.6921382,824.122,0.048053741455078125
Wed Jan  6 11:36:09 2021,1609961769.7664013,1204.302,0.0702216625213623
Wed Jan  6 11:36:10 2021,1609961770.8393893,1176.943,0.06862640380859375
Wed Jan  6 11:36:11 2021,1609961771.9136848,1204.457,0.07023072242736816
Wed Jan  6 11:36:12 2021,1609961772.9880025,1204.379,0.07022619247436523
Wed Jan  6 11:36:14 2021,1609961774.0623236,1204.375,0.07022595405578613
Wed Jan  6 11:36:15 2021,1609961775.071865,91.554,0.005338430404663086
Wed Jan  6 11:36:16 2021,1609961776.1492157,1204.314,0.07022237777709961
Wed Jan  6 11:36:17 2021,1609961777.15851,89.117,0.005196332931518555
Wed Jan  6 11:36:18 2021,1609961778.233025,1204.306,0.0702219009399414
Wed Jan  6 11:36:19 2021,1609961779.3073316,1204.404,0.07022762298583984
Wed Jan  6 11:36:20 2021,1609961780.3815064,1204.351,0.07022452354431152
Wed Jan  6 11:36:21 2021,1609961781.4587588,1204.346,0.07022428512573242
Wed Jan  6 11:36:22 2021,1609961782.4680128,89.129,0.005197048187255859
Wed Jan  6 11:36:23 2021,1609961783.5422082,1204.158,0.07021331787109375
Wed Jan  6 11:36:24 2021,1609961784.616451,1204.285,0.0702207088470459
Wed Jan  6 11:36:25 2021,1609961785.690703,1204.244,0.07021832466125488
Wed Jan  6 11:36:26 2021,1609961786.7821505,1204.158,0.07021331787109375
Wed Jan  6 11:36:27 2021,1609961787.8505967,1097.475,0.06399273872375488
Wed Jan  6 11:36:28 2021,1609961788.9253085,1204.199,0.07021570205688477
Wed Jan  6 11:36:30 2021,1609961790.0000339,1204.187,0.07021498680114746
Wed Jan  6 11:36:31 2021,1609961791.0161076,202.064,0.011782169342041016
Wed Jan  6 11:36:32 2021,1609961792.090813,1204.228,0.07021737098693848
Wed Jan  6 11:36:33 2021,1609961793.1656382,1204.212,0.07021641731262207
Wed Jan  6 11:36:34 2021,1609961794.2410898,1203.75,0.0701894760131836
Wed Jan  6 11:36:35 2021,1609961795.316563,1204.097,0.07020974159240723
Wed Jan  6 11:36:36 2021,1609961796.3920522,1204.396,0.07022714614868164
Wed Jan  6 11:36:37 2021,1609961797.46659,1204.432,0.07022929191589355
Wed Jan  6 11:36:38 2021,1609961798.476067,90.303,0.005265474319458008
Wed Jan  6 11:36:39 2021,1609961799.485564,87.359,0.005093812942504883
Wed Jan  6 11:36:40 2021,1609961800.560247,1204.236,0.07021784782409668
Wed Jan  6 11:36:41 2021,1609961801.569743,88.606,0.005166530609130859
Wed Jan  6 11:36:42 2021,1609961802.6440523,1204.371,0.07022571563720703
Wed Jan  6 11:36:43 2021,1609961803.7198474,1204.363,0.07022523880004883
Wed Jan  6 11:36:44 2021,1609961804.7944095,1204.073,0.07020831108093262
Wed Jan  6 11:36:45 2021,1609961805.8149552,270.986,0.015800952911376953
Wed Jan  6 11:36:46 2021,1609961806.8892596,1204.146,0.07021260261535645
Wed Jan  6 11:36:47 2021,1609961807.963633,1204.567,0.0702371597290039
Wed Jan  6 11:36:49 2021,1609961809.0394824,1204.109,0.07021045684814453
Wed Jan  6 11:36:50 2021,1609961810.1162233,1204.289,0.070220947265625
Wed Jan  6 11:36:51 2021,1609961811.1904826,1204.158,0.07021331787109375
Wed Jan  6 11:36:52 2021,1609961812.2647703,1204.232,0.07021760940551758
Wed Jan  6 11:36:53 2021,1609961813.339079,1204.293,0.0702211856842041
Wed Jan  6 11:36:54 2021,1609961814.4133546,1204.404,0.07022762298583984
Wed Jan  6 11:36:55 2021,1609961815.489031,1204.318,0.07022261619567871
Wed Jan  6 11:36:56 2021,1609961816.563313,1204.404,0.07022762298583984
Wed Jan  6 11:36:57 2021,1609961817.6375773,1204.277,0.0702202320098877
Wed Jan  6 11:36:58 2021,1609961818.7118797,1204.105,0.07021021842956543
Wed Jan  6 11:36:59 2021,1609961819.786122,1204.306,0.0702219009399414
Wed Jan  6 11:37:00 2021,1609961820.8616047,1204.22,0.07021689414978027
Wed Jan  6 11:37:01 2021,1609961821.935877,1204.101,0.07020998001098633
Wed Jan  6 11:37:03 2021,1609961823.0107627,1204.4,0.07022738456726074
Wed Jan  6 11:37:04 2021,1609961824.0856354,1203.148,0.07015442848205566
Wed Jan  6 11:37:05 2021,1609961825.1611848,1204.31,0.07022213935852051
Wed Jan  6 11:37:06 2021,1609961826.2372203,1204.318,0.07022261619567871
Wed Jan  6 11:37:07 2021,1609961827.2468278,84.394,0.00492095947265625
Wed Jan  6 11:37:08 2021,1609961828.3213558,1204.248,0.07021856307983398
Wed Jan  6 11:37:09 2021,1609961829.3960626,1204.379,0.07022619247436523
Wed Jan  6 11:37:10 2021,1609961830.47136,1204.195,0.07021546363830566
Wed Jan  6 11:37:11 2021,1609961831.5475008,1204.302,0.0702216625213623
Wed Jan  6 11:37:12 2021,1609961832.6220455,1203.987,0.07020330429077148
Wed Jan  6 11:37:13 2021,1609961833.6962812,1204.162,0.07021355628967285
Wed Jan  6 11:37:14 2021,1609961834.7705905,1204.073,0.07020831108093262
Wed Jan  6 11:37:15 2021,1609961835.7799861,92.082,0.0053691864013671875
Wed Jan  6 11:37:16 2021,1609961836.8542218,1204.089,0.07020926475524902
Wed Jan  6 11:37:17 2021,1609961837.928222,1203.316,0.07016420364379883
Wed Jan  6 11:37:19 2021,1609961839.002453,1204.113,0.07021069526672363
Wed Jan  6 11:37:20 2021,1609961840.0763958,1204.207,0.07021617889404297
Wed Jan  6 11:37:21 2021,1609961841.0856445,90.381,0.0052700042724609375
Wed Jan  6 11:37:22 2021,1609961842.0950606,90.36,0.00526881217956543
Wed Jan  6 11:37:23 2021,1609961843.1044338,90.773,0.0052928924560546875
Wed Jan  6 11:37:24 2021,1609961844.1793728,1204.068,0.07020807266235352
Wed Jan  6 11:37:25 2021,1609961845.1884894,88.712,0.0051727294921875
Wed Jan  6 11:37:26 2021,1609961846.262768,1204.195,0.07021546363830566
Wed Jan  6 11:37:27 2021,1609961847.3375108,1204.105,0.07021021842956543
Wed Jan  6 11:37:28 2021,1609961848.412293,1204.167,0.07021379470825195
Wed Jan  6 11:37:29 2021,1609961849.4868913,1203.958,0.07020163536071777
Wed Jan  6 11:37:30 2021,1609961850.5614512,1204.175,0.07021427154541016
Wed Jan  6 11:37:31 2021,1609961851.6356966,1203.647,0.07018351554870605
Wed Jan  6 11:37:32 2021,1609961852.7103782,1203.999,0.07020401954650879
Wed Jan  6 11:37:33 2021,1609961853.7850447,1204.015,0.0702049732208252
Wed Jan  6 11:37:34 2021,1609961854.8593047,1204.081,0.07020878791809082
Wed Jan  6 11:37:35 2021,1609961855.93336,1203.938,0.07020044326782227
Wed Jan  6 11:37:37 2021,1609961857.007589,1203.991,0.07020354270935059
Wed Jan  6 11:37:38 2021,1609961858.0818384,1204.077,0.07020854949951172
Wed Jan  6 11:37:39 2021,1609961859.0911257,90.405,0.005271434783935547
Wed Jan  6 11:37:40 2021,1609961860.1653104,1204.056,0.07020735740661621
Wed Jan  6 11:37:41 2021,1609961861.2393465,1204.175,0.07021427154541016
Wed Jan  6 11:37:42 2021,1609961862.3133445,1204.105,0.07021021842956543
Wed Jan  6 11:37:43 2021,1609961863.3875499,1203.958,0.07020163536071777
Wed Jan  6 11:37:44 2021,1609961864.4616916,1204.167,0.07021379470825195
Wed Jan  6 11:37:45 2021,1609961865.5357826,1204.097,0.07020974159240723
Wed Jan  6 11:37:46 2021,1609961866.6100085,1204.138,0.07021212577819824
Wed Jan  6 11:37:47 2021,1609961867.68422,1204.077,0.07020854949951172
Wed Jan  6 11:37:48 2021,1609961868.758437,1204.085,0.07020902633666992
Wed Jan  6 11:37:49 2021,1609961869.8324513,1204.175,0.07021427154541016
Wed Jan  6 11:37:50 2021,1609961870.9064395,1204.13,0.07021164894104004
Wed Jan  6 11:37:51 2021,1609961871.9806085,1204.056,0.07020735740661621
Wed Jan  6 11:37:53 2021,1609961873.0546918,1204.089,0.07020926475524902
Wed Jan  6 11:37:54 2021,1609961874.1287148,1204.244,0.07021832466125488
Wed Jan  6 11:37:55 2021,1609961875.202808,1204.064,0.07020783424377441
Wed Jan  6 11:37:56 2021,1609961876.27696,1204.154,0.07021307945251465
Wed Jan  6 11:37:57 2021,1609961877.3510108,1204.081,0.07020878791809082
Wed Jan  6 11:37:58 2021,1609961878.4251473,1203.897,0.07019805908203125
Wed Jan  6 11:37:59 2021,1609961879.499354,1203.942,0.07020068168640137
Wed Jan  6 11:38:00 2021,1609961880.5735598,1204.097,0.07020974159240723
Wed Jan  6 11:38:01 2021,1609961881.647647,1204.118,0.07021093368530273
Wed Jan  6 11:38:02 2021,1609961882.7218175,1203.999,0.07020401954650879
Wed Jan  6 11:38:03 2021,1609961883.7959902,1204.089,0.07020926475524902
Wed Jan  6 11:38:04 2021,1609961884.8701835,1204.056,0.07020735740661621
Wed Jan  6 11:38:05 2021,1609961885.944428,1203.97,0.07020235061645508
Wed Jan  6 11:38:07 2021,1609961887.0184014,1203.958,0.07020163536071777
Wed Jan  6 11:38:08 2021,1609961888.092609,1204.028,0.0702056884765625
Wed Jan  6 11:38:09 2021,1609961889.166752,1204.04,0.0702064037322998
Wed Jan  6 11:38:10 2021,1609961890.2408001,1203.954,0.07020139694213867
Wed Jan  6 11:38:11 2021,1609961891.249974,89.44,0.005215167999267578
Wed Jan  6 11:38:12 2021,1609961892.3241491,1203.97,0.07020235061645508
Wed Jan  6 11:38:13 2021,1609961893.3334842,89.583,0.005223512649536133
Wed Jan  6 11:38:14 2021,1609961894.4077652,1204.04,0.0702064037322998
Wed Jan  6 11:38:15 2021,1609961895.481929,1204.142,0.07021236419677734
Wed Jan  6 11:38:16 2021,1609961896.5560634,1204.052,0.07020711898803711
Wed Jan  6 11:38:17 2021,1609961897.6300716,1204.015,0.0702049732208252
Wed Jan  6 11:38:18 2021,1609961898.7042923,1204.036,0.0702061653137207
Wed Jan  6 11:38:19 2021,1609961899.7784767,1204.015,0.0702049732208252
Wed Jan  6 11:38:20 2021,1609961900.8526118,1204.171,0.07021403312683105
Wed Jan  6 11:38:21 2021,1609961901.9265347,1204.028,0.0702056884765625
Wed Jan  6 11:38:23 2021,1609961903.0007048,1204.007,0.07020449638366699
Wed Jan  6 11:38:24 2021,1609961904.0748837,1204.093,0.07020950317382812
Wed Jan  6 11:38:25 2021,1609961905.1488752,1203.549,0.07017779350280762
Wed Jan  6 11:38:26 2021,1609961906.222873,1204.052,0.07020711898803711
Wed Jan  6 11:38:27 2021,1609961907.297031,1204.146,0.07021260261535645
Wed Jan  6 11:38:28 2021,1609961908.3059852,87.809,0.005120038986206055
Wed Jan  6 11:38:29 2021,1609961909.38018,1204.036,0.0702061653137207
Wed Jan  6 11:38:30 2021,1609961910.4542694,1204.011,0.0702047348022461
Wed Jan  6 11:38:31 2021,1609961911.5284886,1204.203,0.07021594047546387
Wed Jan  6 11:38:32 2021,1609961912.6026351,1204.019,0.0702052116394043
Wed Jan  6 11:38:33 2021,1609961913.6768167,1204.019,0.0702052116394043
Wed Jan  6 11:38:34 2021,1609961914.750982,1204.207,0.07021617889404297
Wed Jan  6 11:38:35 2021,1609961915.8251383,1203.991,0.07020354270935059
Wed Jan  6 11:38:36 2021,1609961916.8993316,1204.036,0.0702061653137207
Wed Jan  6 11:38:37 2021,1609961917.9734852,1203.991,0.07020354270935059
Wed Jan  6 11:38:39 2021,1609961919.0474832,1203.958,0.07020163536071777
Wed Jan  6 11:38:40 2021,1609961920.1213672,1203.983,0.07020306587219238
Wed Jan  6 11:38:41 2021,1609961921.1952593,1203.958,0.07020163536071777
Wed Jan  6 11:38:42 2021,1609961922.2692683,1203.946,0.07020092010498047
Wed Jan  6 11:38:43 2021,1609961923.343293,1204.019,0.0702052116394043
Wed Jan  6 11:38:44 2021,1609961924.4172716,1203.884,0.07019734382629395
Wed Jan  6 11:38:45 2021,1609961925.426607,91.701,0.005347013473510742
Wed Jan  6 11:38:46 2021,1609961926.4354398,83.708,0.0048809051513671875
Wed Jan  6 11:38:47 2021,1609961927.5095859,1203.807,0.07019281387329102
Wed Jan  6 11:38:48 2021,1609961928.5168624,56.161,0.003274679183959961
Wed Jan  6 11:38:49 2021,1609961929.5243883,58.953,0.003437519073486328
Wed Jan  6 11:38:50 2021,1609961930.5315554,54.198,0.003160238265991211
Wed Jan  6 11:38:51 2021,1609961931.54075,89.215,0.005202054977416992
Wed Jan  6 11:38:52 2021,1609961932.547651,49.999,0.0029153823852539062
Wed Jan  6 11:38:53 2021,1609961933.6218228,1203.844,0.07019495964050293
Wed Jan  6 11:38:54 2021,1609961934.628525,47.12,0.0027475357055664062
Wed Jan  6 11:38:55 2021,1609961935.7027013,1203.88,0.07019710540771484
Wed Jan  6 11:38:56 2021,1609961936.7088885,37.822,0.002205371856689453
Wed Jan  6 11:38:57 2021,1609961937.7831306,1203.946,0.07020092010498047
Wed Jan  6 11:38:58 2021,1609961938.8573458,1203.913,0.07019901275634766
Wed Jan  6 11:38:59 2021,1609961939.9314933,1203.868,0.07019639015197754
Wed Jan  6 11:39:00 2021,1609961940.9379025,41.931,0.0024449825286865234
Wed Jan  6 11:39:01 2021,1609961941.9449973,53.123,0.0030975341796875
Wed Jan  6 11:39:02 2021,1609961942.9511583,37.569,0.0021905899047851562
Wed Jan  6 11:39:03 2021,1609961943.9579747,47.055,0.0027437210083007812
Wed Jan  6 11:39:05 2021,1609961945.032143,1203.921,0.07019948959350586
Wed Jan  6 11:39:06 2021,1609961946.038301,37.013,0.0021581649780273438
Wed Jan  6 11:39:07 2021,1609961947.0444417,37.933,0.0022118091583251953
Wed Jan  6 11:39:08 2021,1609961948.0507164,36.305,0.0021169185638427734
Wed Jan  6 11:39:09 2021,1609961949.0570793,41.294,0.0024077892303466797
Wed Jan  6 11:39:10 2021,1609961950.0639157,49.557,0.0028896331787109375
Wed Jan  6 11:39:11 2021,1609961951.1380768,1203.86,0.07019591331481934
Wed Jan  6 11:39:12 2021,1609961952.146025,68.46,0.003991842269897461
Wed Jan  6 11:39:13 2021,1609961953.2202752,1204.019,0.0702052116394043
Wed Jan  6 11:39:14 2021,1609961954.2342625,171.807,0.010017871856689453
Wed Jan  6 11:39:15 2021,1609961955.3086329,1204.036,0.0702061653137207
Wed Jan  6 11:39:16 2021,1609961956.3827643,1203.872,0.07019662857055664
Wed Jan  6 11:39:17 2021,1609961957.456773,1204.073,0.07020831108093262
Wed Jan  6 11:39:18 2021,1609961958.4755678,256.831,0.014975547790527344
Wed Jan  6 11:39:19 2021,1609961959.521674,722.787,0.0421450138092041
Wed Jan  6 11:39:20 2021,1609961960.5958085,1203.852,0.07019543647766113
Wed Jan  6 11:39:21 2021,1609961961.6353,612.117,0.03569197654724121
Wed Jan  6 11:39:22 2021,1609961962.6476014,142.677,0.008319377899169922
Wed Jan  6 11:39:23 2021,1609961963.7218442,1203.549,0.07017779350280762
Wed Jan  6 11:39:24 2021,1609961964.7834225,986.323,0.05751156806945801
Wed Jan  6 11:39:25 2021,1609961965.7959144,148.484,0.00865793228149414
Wed Jan  6 11:39:26 2021,1609961966.8699439,1203.831,0.07019424438476562
Wed Jan  6 11:39:27 2021,1609961967.9152834,707.327,0.041243553161621094
Wed Jan  6 11:39:28 2021,1609961968.9896193,1203.557,0.07017827033996582
Wed Jan  6 11:39:30 2021,1609961970.0640368,1203.868,0.07019639015197754
Wed Jan  6 11:39:31 2021,1609961971.078778,178.582,0.010412931442260742
Wed Jan  6 11:39:32 2021,1609961972.153596,1203.766,0.0701904296875
Wed Jan  6 11:39:33 2021,1609961973.2279148,1203.909,0.07019877433776855
Wed Jan  6 11:39:34 2021,1609961974.2542975,382.821,0.02232193946838379
Wed Jan  6 11:39:35 2021,1609961975.3285806,1203.909,0.07019877433776855
Wed Jan  6 11:39:36 2021,1609961976.403025,1203.95,0.07020115852355957
Wed Jan  6 11:39:37 2021,1609961977.4773674,1203.77,0.0701906681060791
Wed Jan  6 11:39:38 2021,1609961978.5514672,1203.811,0.07019305229187012
Wed Jan  6 11:39:39 2021,1609961979.6180449,1012.979,0.059065818786621094
Wed Jan  6 11:39:40 2021,1609961980.6924634,1203.529,0.07017660140991211
Wed Jan  6 11:39:41 2021,1609961981.7420774,781.377,0.04556131362915039
Wed Jan  6 11:39:42 2021,1609961982.816154,1203.897,0.07019805908203125
Wed Jan  6 11:39:43 2021,1609961983.890695,1203.75,0.0701894760131836
Wed Jan  6 11:39:44 2021,1609961984.9059336,177.576,0.010354280471801758
Wed Jan  6 11:39:45 2021,1609961985.9379299,378.822,0.02208876609802246
Wed Jan  6 11:39:46 2021,1609961986.9860039,748.984,0.04367256164550781
Wed Jan  6 11:39:48 2021,1609961988.0603554,1203.737,0.07018876075744629
Wed Jan  6 11:39:49 2021,1609961989.1343665,1203.95,0.07020115852355957
Wed Jan  6 11:39:50 2021,1609961990.208324,1203.823,0.07019376754760742
Wed Jan  6 11:39:51 2021,1609961991.2824855,1203.676,0.07018518447875977
Wed Jan  6 11:39:52 2021,1609961992.3565614,1203.7,0.07018661499023438
Wed Jan  6 11:39:53 2021,1609961993.430581,1203.782,0.0701913833618164
Wed Jan  6 11:39:54 2021,1609961994.5047224,1203.696,0.07018637657165527
Wed Jan  6 11:39:55 2021,1609961995.5788972,1203.737,0.07018876075744629
Wed Jan  6 11:39:56 2021,1609961996.6530075,1203.827,0.07019400596618652
Wed Jan  6 11:39:57 2021,1609961997.727184,1203.647,0.07018351554870605
Wed Jan  6 11:39:58 2021,1609961998.8014293,1203.893,0.07019782066345215
Wed Jan  6 11:39:59 2021,1609961999.8568144,879.178,0.051264047622680664
Wed Jan  6 11:40:00 2021,1609962000.931421,1203.786,0.07019162178039551
Wed Jan  6 11:40:01 2021,1609962001.9695323,585.965,0.03416705131530762
Wed Jan  6 11:40:02 2021,1609962002.9853418,206.284,0.012028217315673828
Wed Jan  6 11:40:04 2021,1609962004.059566,1203.61,0.07018136978149414
Wed Jan  6 11:40:05 2021,1609962005.0752094,195.722,0.011412382125854492
Wed Jan  6 11:40:06 2021,1609962006.1048002,432.681,0.025229215621948242
Wed Jan  6 11:40:07 2021,1609962007.1272204,331.747,0.019343852996826172
Wed Jan  6 11:40:08 2021,1609962008.178302,810.477,0.04725813865661621
Wed Jan  6 11:40:09 2021,1609962009.2365637,933.499,0.05443143844604492
Wed Jan  6 11:40:10 2021,1609962010.2646625,404.787,0.023602724075317383
Wed Jan  6 11:40:11 2021,1609962011.3390026,1203.737,0.07018876075744629
Wed Jan  6 11:40:12 2021,1609962012.4133608,1203.754,0.0701897144317627
Wed Jan  6 11:40:13 2021,1609962013.4563715,665.322,0.03879427909851074
Wed Jan  6 11:40:14 2021,1609962014.510116,850.847,0.04961204528808594
Wed Jan  6 11:40:15 2021,1609962015.5368822,388.223,0.022636890411376953
Wed Jan  6 11:40:16 2021,1609962016.5757606,596.015,0.03475308418273926
Wed Jan  6 11:40:17 2021,1609962017.6510725,1203.533,0.07017683982849121
Wed Jan  6 11:40:18 2021,1609962018.69376,644.514,0.03758096694946289
Wed Jan  6 11:40:19 2021,1609962019.7050636,105.546,0.006154298782348633
Wed Jan  6 11:40:20 2021,1609962020.7811706,1203.635,0.07018280029296875
Wed Jan  6 11:40:21 2021,1609962021.8567297,1203.631,0.07018256187438965
Wed Jan  6 11:40:22 2021,1609962022.9310179,1203.68,0.07018542289733887
Wed Jan  6 11:40:24 2021,1609962024.0052378,1203.856,0.07019567489624023
Wed Jan  6 11:40:25 2021,1609962025.0793629,1203.852,0.07019543647766113
Wed Jan  6 11:40:26 2021,1609962026.15354,1203.721,0.07018780708312988
Wed Jan  6 11:40:27 2021,1609962027.2275705,1203.713,0.07018733024597168
Wed Jan  6 11:40:28 2021,1609962028.3017304,1203.692,0.07018613815307617
Wed Jan  6 11:40:29 2021,1609962029.375742,1203.733,0.07018852233886719
Wed Jan  6 11:40:30 2021,1609962030.4499025,1203.672,0.07018494606018066
Wed Jan  6 11:40:31 2021,1609962031.472912,328.713,0.019166946411132812
Wed Jan  6 11:40:32 2021,1609962032.5471013,1203.705,0.07018685340881348
Wed Jan  6 11:40:33 2021,1609962033.5880659,631.867,0.03684353828430176
Wed Jan  6 11:40:34 2021,1609962034.6083512,278.031,0.016211748123168945
Wed Jan  6 11:40:35 2021,1609962035.6826396,1203.709,0.07018709182739258
Wed Jan  6 11:40:36 2021,1609962036.7568867,1203.794,0.07019209861755371
Wed Jan  6 11:40:37 2021,1609962037.786653,440.106,0.02566218376159668
Wed Jan  6 11:40:38 2021,1609962038.8608608,1203.635,0.07018280029296875
Wed Jan  6 11:40:39 2021,1609962039.9349804,1203.754,0.0701897144317627
Wed Jan  6 11:40:41 2021,1609962041.0091782,1202.858,0.07013750076293945
Wed Jan  6 11:40:42 2021,1609962042.0834267,1203.68,0.07018542289733887
Wed Jan  6 11:40:43 2021,1609962043.1575212,1203.541,0.07017731666564941
Wed Jan  6 11:40:44 2021,1609962044.2315047,1203.529,0.07017660140991211
Wed Jan  6 11:40:45 2021,1609962045.305724,1203.631,0.07018256187438965
Wed Jan  6 11:40:46 2021,1609962046.3799586,1203.549,0.07017779350280762
Wed Jan  6 11:40:47 2021,1609962047.4540873,1203.639,0.07018303871154785
Wed Jan  6 11:40:48 2021,1609962048.5283573,1203.525,0.07017636299133301
Wed Jan  6 11:40:49 2021,1609962049.6025372,1203.545,0.07017755508422852
Wed Jan  6 11:40:50 2021,1609962050.6765587,1203.545,0.07017755508422852
Wed Jan  6 11:40:51 2021,1609962051.75068,1203.508,0.0701754093170166
Wed Jan  6 11:40:52 2021,1609962052.8246582,1203.623,0.07018208503723145
Wed Jan  6 11:40:53 2021,1609962053.8473182,319.824,0.018648624420166016
Wed Jan  6 11:40:54 2021,1609962054.8657417,246.281,0.014360427856445312
Wed Jan  6 11:40:55 2021,1609962055.8800428,174.697,0.010186433792114258
Wed Jan  6 11:40:56 2021,1609962056.8896673,95.557,0.005571842193603516
Wed Jan  6 11:40:57 2021,1609962057.8993022,95.745,0.0055828094482421875
Wed Jan  6 11:40:58 2021,1609962058.9164116,223.842,0.013051986694335938
Wed Jan  6 11:40:59 2021,1609962059.948775,486.164,0.02834773063659668
Wed Jan  6 11:41:01 2021,1609962061.014445,1057.817,0.06168031692504883
Wed Jan  6 11:41:02 2021,1609962062.0332303,252.545,0.014725685119628906
Wed Jan  6 11:41:03 2021,1609962063.0710852,543.78,0.0317072868347168
Wed Jan  6 11:41:04 2021,1609962064.0864742,195.199,0.011381864547729492
Wed Jan  6 11:41:05 2021,1609962065.1614869,1203.782,0.0701913833618164
Wed Jan  6 11:41:06 2021,1609962066.179345,239.383,0.013958215713500977
Wed Jan  6 11:41:07 2021,1609962067.239455,958.355,0.05588078498840332
Wed Jan  6 11:41:08 2021,1609962068.3146868,1203.557,0.07017827033996582
Wed Jan  6 11:41:09 2021,1609962069.3888752,1203.443,0.07017159461975098
Wed Jan  6 11:41:10 2021,1609962070.4168952,415.369,0.024219751358032227
Wed Jan  6 11:41:11 2021,1609962071.493455,1203.549,0.07017779350280762
Wed Jan  6 11:41:12 2021,1609962072.503963,113.082,0.0065937042236328125
Wed Jan  6 11:41:13 2021,1609962073.514063,95.59,0.005573749542236328
Wed Jan  6 11:41:14 2021,1609962074.526113,129.429,0.007546901702880859
Wed Jan  6 11:41:15 2021,1609962075.5417354,184.241,0.010742902755737305
Wed Jan  6 11:41:16 2021,1609962076.5982108,869.525,0.050701141357421875
Wed Jan  6 11:41:17 2021,1609962077.6749873,1203.664,0.07018446922302246
Wed Jan  6 11:41:18 2021,1609962078.7498193,1203.316,0.07016420364379883
Wed Jan  6 11:41:19 2021,1609962079.8248982,1203.566,0.07017874717712402
Wed Jan  6 11:41:20 2021,1609962080.901999,1203.496,0.0701746940612793
Wed Jan  6 11:41:21 2021,1609962081.9295862,400.363,0.023344755172729492
Wed Jan  6 11:41:22 2021,1609962082.9548914,352.257,0.02053976058959961
Wed Jan  6 11:41:23 2021,1609962083.966532,95.631,0.005576133728027344
Wed Jan  6 11:41:24 2021,1609962084.9754705,80.862,0.0047149658203125
Wed Jan  6 11:41:25 2021,1609962085.9902546,184.02,0.01073002815246582
Wed Jan  6 11:41:27 2021,1609962087.0645502,1203.651,0.07018375396728516
Wed Jan  6 11:41:28 2021,1609962088.138878,1203.488,0.0701742172241211
Wed Jan  6 11:41:29 2021,1609962089.213102,1203.504,0.0701751708984375
Wed Jan  6 11:41:30 2021,1609962090.2348957,282.145,0.016451597213745117
Wed Jan  6 11:41:31 2021,1609962091.2869313,821.799,0.04791831970214844
Wed Jan  6 11:41:32 2021,1609962092.3389404,813.805,0.04745221138000488
Wed Jan  6 11:41:33 2021,1609962093.4019468,916.821,0.05345892906188965
Wed Jan  6 11:41:34 2021,1609962094.4424186,591.33,0.03447985649108887
Wed Jan  6 11:41:35 2021,1609962095.5166683,1203.508,0.0701754093170166
Wed Jan  6 11:41:36 2021,1609962096.590904,1203.48,0.07017374038696289
Wed Jan  6 11:41:37 2021,1609962097.6650994,1203.426,0.07017064094543457
Wed Jan  6 11:41:38 2021,1609962098.7391982,1203.422,0.07017040252685547
Wed Jan  6 11:41:39 2021,1609962099.813374,1203.345,0.07016587257385254
Wed Jan  6 11:41:40 2021,1609962100.887615,1203.459,0.07017254829406738
Wed Jan  6 11:41:41 2021,1609962101.9618158,1203.373,0.07016754150390625
Wed Jan  6 11:41:43 2021,1609962103.0358765,1203.353,0.07016634941101074
Wed Jan  6 11:41:44 2021,1609962104.1100373,1203.422,0.07017040252685547
Wed Jan  6 11:41:45 2021,1609962105.1850183,1203.459,0.07017254829406738
Wed Jan  6 11:41:46 2021,1609962106.2591205,1203.357,0.07016658782958984
Wed Jan  6 11:41:47 2021,1609962107.333286,1203.394,0.07016873359680176
Wed Jan  6 11:41:48 2021,1609962108.4072936,1203.304,0.07016348838806152
Wed Jan  6 11:41:49 2021,1609962109.4814005,1203.345,0.07016587257385254
Wed Jan  6 11:41:50 2021,1609962110.4913557,82.595,0.0048160552978515625
Wed Jan  6 11:41:51 2021,1609962111.5654938,1203.373,0.07016754150390625
Wed Jan  6 11:41:52 2021,1609962112.603161,575.326,0.03354668617248535
Wed Jan  6 11:41:53 2021,1609962113.6774042,1203.324,0.07016468048095703
Wed Jan  6 11:41:54 2021,1609962114.7212243,683.918,0.03987860679626465
Wed Jan  6 11:41:56 2021,1609962116.2819417,287.534,0.016765832901000977
Wed Jan  6 11:41:57 2021,1609962117.3575058,1203.578,0.07017946243286133
Wed Jan  6 11:41:58 2021,1609962118.3898613,488.392,0.02847766876220703
Wed Jan  6 11:41:59 2021,1609962119.4054966,198.482,0.011573314666748047
Wed Jan  6 11:42:00 2021,1609962120.4604878,873.094,0.05090928077697754
Wed Jan  6 11:42:01 2021,1609962121.4952183,503.333,0.02934885025024414
Wed Jan  6 11:42:02 2021,1609962122.5155652,279.434,0.01629352569580078
Wed Jan  6 11:42:03 2021,1609962123.5898335,1203.422,0.07017040252685547
Wed Jan  6 11:42:04 2021,1609962124.6640036,1203.602,0.07018089294433594
Wed Jan  6 11:42:05 2021,1609962125.7378747,1203.467,0.07017302513122559
Wed Jan  6 11:42:06 2021,1609962126.8142343,1203.471,0.07017326354980469
Wed Jan  6 11:42:07 2021,1609962127.8242228,100.284,0.005847454071044922
Wed Jan  6 11:42:08 2021,1609962128.886193,991.12,0.05779123306274414
Wed Jan  6 11:42:09 2021,1609962129.9605806,1203.398,0.07016897201538086
Wed Jan  6 11:42:11 2021,1609962131.0348577,1203.615,0.07018160820007324
Wed Jan  6 11:42:12 2021,1609962132.1087713,1203.353,0.07016634941101074
Wed Jan  6 11:42:13 2021,1609962133.183121,1203.435,0.07017111778259277
Wed Jan  6 11:42:14 2021,1609962134.2066011,333.718,0.019458770751953125
Wed Jan  6 11:42:15 2021,1609962135.2185018,134.614,0.00784921646118164
Wed Jan  6 11:42:16 2021,1609962136.2301645,128.489,0.0074920654296875
Wed Jan  6 11:42:17 2021,1609962137.3050776,1203.476,0.07017350196838379
Wed Jan  6 11:42:18 2021,1609962138.3802722,1203.406,0.07016944885253906
Wed Jan  6 11:42:19 2021,1609962139.4549053,1203.022,0.07014703750610352
Wed Jan  6 11:42:20 2021,1609962140.5290089,1203.394,0.07016873359680176
Wed Jan  6 11:42:21 2021,1609962141.6033483,1203.373,0.07016754150390625
Wed Jan  6 11:42:22 2021,1609962142.6786075,1203.226,0.0701589584350586
Wed Jan  6 11:42:23 2021,1609962143.7532473,1203.492,0.0701744556427002
Wed Jan  6 11:42:24 2021,1609962144.8278968,1203.332,0.07016515731811523
Wed Jan  6 11:42:25 2021,1609962145.9024937,1203.369,0.07016730308532715
Wed Jan  6 11:42:26 2021,1609962146.977133,1203.398,0.07016897201538086
Wed Jan  6 11:42:28 2021,1609962148.0521882,1203.337,0.07016539573669434
Wed Jan  6 11:42:29 2021,1609962149.1267426,1203.398,0.07016897201538086
Wed Jan  6 11:42:30 2021,1609962150.2009594,1203.398,0.07016897201538086
Wed Jan  6 11:42:31 2021,1609962151.2751174,1203.443,0.07017159461975098
Wed Jan  6 11:42:32 2021,1609962152.34908,1203.443,0.07017159461975098
Wed Jan  6 11:42:33 2021,1609962153.4230082,1203.308,0.07016372680664062
Wed Jan  6 11:42:34 2021,1609962154.4973135,1203.422,0.07017040252685547
Wed Jan  6 11:42:35 2021,1609962155.510641,158.955,0.009268522262573242
Wed Jan  6 11:42:36 2021,1609962156.5848908,1203.046,0.07014846801757812
Wed Jan  6 11:42:37 2021,1609962157.6590285,1203.418,0.07017016410827637
Wed Jan  6 11:42:38 2021,1609962158.7163172,915.189,0.053363800048828125
Wed Jan  6 11:42:39 2021,1609962159.7906325,1203.459,0.07017254829406738
Wed Jan  6 11:42:40 2021,1609962160.8380196,730.441,0.04259133338928223
Wed Jan  6 11:42:41 2021,1609962161.9125578,1203.349,0.07016611099243164
Wed Jan  6 11:42:42 2021,1609962162.9446764,472.155,0.027530908584594727
Wed Jan  6 11:42:43 2021,1609962163.9790545,511.482,0.029824018478393555
Wed Jan  6 11:42:45 2021,1609962165.0128622,506.502,0.02953362464904785
Wed Jan  6 11:42:46 2021,1609962166.087089,1203.443,0.07017159461975098
Wed Jan  6 11:42:47 2021,1609962167.1018214,187.132,0.01091146469116211
Wed Jan  6 11:42:48 2021,1609962168.1763012,1203.316,0.07016420364379883
Wed Jan  6 11:42:49 2021,1609962169.1856265,92.225,0.005377531051635742
Wed Jan  6 11:42:50 2021,1609962170.2596087,1203.357,0.07016658782958984
Wed Jan  6 11:42:51 2021,1609962171.2770765,225.404,0.013143062591552734
Wed Jan  6 11:42:52 2021,1609962172.2934582,187.05,0.010906696319580078
Wed Jan  6 11:42:53 2021,1609962173.3680837,1203.324,0.07016468048095703
Wed Jan  6 11:42:54 2021,1609962174.4154787,737.221,0.04298663139343262
Wed Jan  6 11:42:55 2021,1609962175.4900806,1203.332,0.07016515731811523
Wed Jan  6 11:42:56 2021,1609962176.553709,1017.055,0.05930352210998535
Wed Jan  6 11:42:57 2021,1609962177.627526,1203.328,0.07016491889953613
Wed Jan  6 11:42:58 2021,1609962178.649635,294.048,0.017145633697509766
Wed Jan  6 11:42:59 2021,1609962179.6968358,723.429,0.04218244552612305
Wed Jan  6 11:43:00 2021,1609962180.723141,282.251,0.016457796096801758
Wed Jan  6 11:43:01 2021,1609962181.7662072,655.68,0.03823208808898926
Wed Jan  6 11:43:02 2021,1609962182.8416235,1203.382,0.07016801834106445
Wed Jan  6 11:43:03 2021,1609962183.8911347,762.228,0.04444479942321777
Wed Jan  6 11:43:04 2021,1609962184.9057498,153.431,0.008946418762207031
Wed Jan  6 11:43:05 2021,1609962185.9800167,1203.177,0.07015609741210938
Wed Jan  6 11:43:07 2021,1609962187.0542045,1203.116,0.07015252113342285
Wed Jan  6 11:43:08 2021,1609962188.1282213,1203.39,0.07016849517822266
Wed Jan  6 11:43:09 2021,1609962189.2023416,1203.324,0.07016468048095703
Wed Jan  6 11:43:10 2021,1609962190.2765334,1203.312,0.07016396522521973
Wed Jan  6 11:43:11 2021,1609962191.3507435,1203.255,0.0701606273651123
Wed Jan  6 11:43:12 2021,1609962192.4249349,1203.32,0.07016444206237793
Wed Jan  6 11:43:13 2021,1609962193.4381819,155.868,0.009088516235351562
Wed Jan  6 11:43:14 2021,1609962194.5134075,1203.386,0.07016825675964355
Wed Jan  6 11:43:15 2021,1609962195.5349195,283.596,0.016536235809326172
Wed Jan  6 11:43:16 2021,1609962196.5439403,76.769,0.004476308822631836
Wed Jan  6 11:43:17 2021,1609962197.6173472,1203.324,0.07016468048095703
Wed Jan  6 11:43:18 2021,1609962198.6927912,1203.439,0.07017135620117188
Wed Jan  6 11:43:19 2021,1609962199.7671206,1203.484,0.07017397880554199
Wed Jan  6 11:43:20 2021,1609962200.8416755,1203.234,0.0701594352722168
Wed Jan  6 11:43:21 2021,1609962201.852721,93.03,0.00542449951171875
Wed Jan  6 11:43:22 2021,1609962202.9274318,1202.384,0.07010984420776367
Wed Jan  6 11:43:24 2021,1609962204.0020142,1203.41,0.07016968727111816
Wed Jan  6 11:43:25 2021,1609962205.0760841,1203.484,0.07017397880554199
Wed Jan  6 11:43:26 2021,1609962206.1503778,1203.337,0.07016539573669434
Wed Jan  6 11:43:27 2021,1609962207.161467,121.051,0.007058382034301758
Wed Jan  6 11:43:28 2021,1609962208.235483,1203.296,0.07016301155090332
Wed Jan  6 11:43:29 2021,1609962209.3097806,1203.435,0.07017111778259277
Wed Jan  6 11:43:30 2021,1609962210.384246,1203.255,0.0701606273651123
Wed Jan  6 11:43:31 2021,1609962211.3941782,79.337,0.004626035690307617
Wed Jan  6 11:43:32 2021,1609962212.4125137,236.178,0.013771295547485352
Wed Jan  6 11:43:33 2021,1609962213.4871593,1203.3,0.07016324996948242
Wed Jan  6 11:43:34 2021,1609962214.5215852,517.951,0.030201196670532227
Wed Jan  6 11:43:35 2021,1609962215.5958745,1203.332,0.07016515731811523
Wed Jan  6 11:43:36 2021,1609962216.6208937,358.983,0.02093195915222168
Wed Jan  6 11:43:37 2021,1609962217.695332,1203.21,0.07015800476074219
Wed Jan  6 11:43:38 2021,1609962218.7702782,1200.695,0.07001137733459473
Wed Jan  6 11:43:39 2021,1609962219.845254,1208.26,0.07045245170593262
Wed Jan  6 11:43:40 2021,1609962220.926527,1203.324,0.07016468048095703
Wed Jan  6 11:43:41 2021,1609962221.946657,268.807,0.01567387580871582
Wed Jan  6 11:43:43 2021,1609962223.0210478,1203.308,0.07016372680664062
Wed Jan  6 11:43:44 2021,1609962224.096076,1203.373,0.07016754150390625
Wed Jan  6 11:43:45 2021,1609962225.1708682,1203.369,0.07016730308532715
Wed Jan  6 11:43:46 2021,1609962226.210443,596.98,0.03480935096740723
Wed Jan  6 11:43:47 2021,1609962227.226093,186.441,0.010871171951293945
Wed Jan  6 11:43:48 2021,1609962228.242196,201.925,0.011774063110351562
Wed Jan  6 11:43:49 2021,1609962229.2596436,129.213,0.0075342655181884766
Wed Jan  6 11:43:50 2021,1609962230.2735631,157.724,0.009196758270263672
Wed Jan  6 11:43:51 2021,1609962231.3549287,1203.341,0.07016563415527344
Wed Jan  6 11:43:52 2021,1609962232.4312584,1203.267,0.07016134262084961
Wed Jan  6 11:43:53 2021,1609962233.5088003,1203.365,0.07016706466674805
Wed Jan  6 11:43:54 2021,1609962234.5827367,1203.296,0.07016301155090332
Wed Jan  6 11:43:55 2021,1609962235.6553478,1177.098,0.06863546371459961
Wed Jan  6 11:43:56 2021,1609962236.6739287,212.258,0.012376546859741211
Wed Jan  6 11:43:57 2021,1609962237.748158,1203.447,0.07017183303833008
Wed Jan  6 11:43:58 2021,1609962238.7738092,369.594,0.021550655364990234
Wed Jan  6 11:43:59 2021,1609962239.848053,1203.345,0.07016587257385254
Wed Jan  6 11:44:00 2021,1609962240.9222734,1203.324,0.07016468048095703
Wed Jan  6 11:44:01 2021,1609962241.9964979,1203.328,0.07016491889953613
Wed Jan  6 11:44:03 2021,1609962243.0210824,352.539,0.020556211471557617
Wed Jan  6 11:44:04 2021,1609962244.035376,173.483,0.010115623474121094
Wed Jan  6 11:44:05 2021,1609962245.110153,1203.337,0.07016539573669434
Wed Jan  6 11:44:06 2021,1609962246.1840386,1203.341,0.07016563415527344
Wed Jan  6 11:44:07 2021,1609962247.2310226,733.896,0.04279279708862305
Wed Jan  6 11:44:08 2021,1609962248.3050056,1203.316,0.07016420364379883
Wed Jan  6 11:44:09 2021,1609962249.3218749,220.08,0.0128326416015625
Wed Jan  6 11:44:10 2021,1609962250.3961442,1203.439,0.07017135620117188
Wed Jan  6 11:44:11 2021,1609962251.411082,186.87,0.01089620590209961
Wed Jan  6 11:44:12 2021,1609962252.4202154,87.044,0.0050754547119140625
Wed Jan  6 11:44:13 2021,1609962253.43016,97.683,0.005695819854736328
Wed Jan  6 11:44:14 2021,1609962254.4482045,234.088,0.013649463653564453
Wed Jan  6 11:44:15 2021,1609962255.52292,1203.353,0.07016634941101074
Wed Jan  6 11:44:16 2021,1609962256.5350978,135.963,0.007927894592285156
Wed Jan  6 11:44:17 2021,1609962257.596176,970.185,0.05657052993774414
Wed Jan  6 11:44:18 2021,1609962258.6707468,1203.21,0.07015800476074219
Wed Jan  6 11:44:19 2021,1609962259.6949358,197.877,0.011538028717041016
Wed Jan  6 11:44:20 2021,1609962260.7049663,100.689,0.0058710575103759766
Wed Jan  6 11:44:21 2021,1609962261.7177982,149.575,0.008721590042114258
Wed Jan  6 11:44:22 2021,1609962262.7300196,138.253,0.008061408996582031
Wed Jan  6 11:44:23 2021,1609962263.804762,1202.919,0.07014107704162598
Wed Jan  6 11:44:24 2021,1609962264.879398,1203.32,0.07016444206237793
Wed Jan  6 11:44:25 2021,1609962265.8935292,170.633,0.009949445724487305
Wed Jan  6 11:44:26 2021,1609962266.9073784,128.902,0.007516145706176758
Wed Jan  6 11:44:27 2021,1609962267.9821153,1203.377,0.07016777992248535
Wed Jan  6 11:44:29 2021,1609962269.0567303,1202.098,0.07009315490722656
Wed Jan  6 11:44:30 2021,1609962270.1046026,749.209,0.0436856746673584
Wed Jan  6 11:44:31 2021,1609962271.13059,262.919,0.01533055305480957
Wed Jan  6 11:44:32 2021,1609962272.1998606,1115.651,0.06505250930786133
Wed Jan  6 11:44:33 2021,1609962273.2191596,258.622,0.015079975128173828
Wed Jan  6 11:44:34 2021,1609962274.29468,1203.3,0.07016324996948242
Wed Jan  6 11:44:35 2021,1609962275.3148437,276.498,0.01612234115600586
Wed Jan  6 11:44:36 2021,1609962276.3316765,217.254,0.01266789436340332
Wed Jan  6 11:44:37 2021,1609962277.3413694,78.421,0.004572629928588867
Wed Jan  6 11:44:38 2021,1609962278.4254198,1203.242,0.070159912109375
Wed Jan  6 11:44:39 2021,1609962279.456241,459.128,0.02677130699157715
Wed Jan  6 11:44:40 2021,1609962280.5304341,1203.345,0.07016587257385254
Wed Jan  6 11:44:41 2021,1609962281.6047537,1203.193,0.07015705108642578
Wed Jan  6 11:44:42 2021,1609962282.6790051,1203.251,0.0701603889465332
Wed Jan  6 11:44:43 2021,1609962283.6878428,81.168,0.004732847213745117
Wed Jan  6 11:44:44 2021,1609962284.7621653,1203.377,0.07016777992248535
Wed Jan  6 11:44:45 2021,1609962285.7715137,93.815,0.00547027587890625
Wed Jan  6 11:44:46 2021,1609962286.8458023,1203.267,0.07016134262084961
Wed Jan  6 11:44:47 2021,1609962287.920018,1203.214,0.07015824317932129
Wed Jan  6 11:44:48 2021,1609962288.9942427,1203.251,0.0701603889465332
Wed Jan  6 11:44:50 2021,1609962290.0078402,163.453,0.009530782699584961
Wed Jan  6 11:44:51 2021,1609962291.082043,1203.341,0.07016563415527344
Wed Jan  6 11:44:52 2021,1609962292.1575623,1203.394,0.07016873359680176
Wed Jan  6 11:44:53 2021,1609962293.175417,236.742,0.013804197311401367
Wed Jan  6 11:44:54 2021,1609962294.1978486,303.194,0.01767897605895996
Wed Jan  6 11:44:55 2021,1609962295.2730885,1203.014,0.07014656066894531
Wed Jan  6 11:44:56 2021,1609962296.3473074,1203.214,0.07015824317932129
Wed Jan  6 11:44:57 2021,1609962297.3565032,87.915,0.005126237869262695
Wed Jan  6 11:44:58 2021,1609962298.430731,1203.48,0.07017374038696289
Wed Jan  6 11:44:59 2021,1609962299.43999,82.628,0.004817962646484375
Wed Jan  6 11:45:00 2021,1609962300.5013762,980.108,0.05714917182922363
Wed Jan  6 11:45:01 2021,1609962301.548171,725.854,0.04232382774353027
Wed Jan  6 11:45:02 2021,1609962302.589667,424.197,0.0247344970703125
